Node Count,Outgoing,Incoming,Time
1,3.5653810424,0.2379586234,1
1,3.9604609837,0.1311276169,2
1,3.6535505528,0.1418765813,3
1,3.4027232081,0.1586497472,4
1,3.3724937381,0.1353061817,5
43,3.3630080509,0.1199822085,6
118,3.0464257754,0.1388579745,7
177,3.3083672698,0.1397492543,8
240,2.786415908,0.1208423212,9
290,2.5597219118,0.1180536819,10
347,2.0549227183,0.1868008929,11
394,2.0831709025,0.1243714229,12
434,1.8787785268,0.2265579459,13
483,1.7083441571,0.1812537583,14
513,1.8587350757,0.2143151173,15
534,1.2965037156,0.1533897369,16
551,1.9544271372,0.225245825,17
563,1.8672283348,0.2366881593,18
574,2.1909174796,0.3006178579,19
575,2.0213294224,0.2855716005,20
573,2.5018857911,0.2403171363,21
577,2.5018481,0.2783943,22
576,2.2612359056,0.3290565774,23
576,2.6506834382,0.2842954977,24
575,2.3551346768,0.2134775539,25
593,2.1483566162,0.1949746911,26
634,1.9459620304,0.20898751,27
687,1.990165424,0.1958580376,28
733,1.6901118217,0.1891472969,29
781,2.0289219717,0.2150442028,30
817,2.2455381157,0.2061099011,31
875,2.2426699291,0.2035936283,32
924,1.9815982223,0.1841046639,33
978,2.3378620655,0.2106691565,34
1025,2.4060664737,0.2100687693,35
1074,2.339986656,0.1812038439,36
1122,2.3849526669,0.2040454318,37
1146,2.3758888002,0.1845108804,38
1146,1.8777752371,0.1841131303,39
1145,1.6070526631,0.1708591662,40
1164,1.0440963399,0.1706848509,41
1171,1.1528766234,0.1707003996,42
1173,1.0935178749,0.1647353525,43
1175,1.13735627,0.1675498798,44
1174,1.2275239588,0.1767869672,45
1174,1.0988600652,0.1813391639,46
1182,1.1459137157,0.2084461845,47
1190,1.0817991157,0.1888553914,48
1194,1.2507014706,0.2045337255,49
1206,1.1838476133,0.1999973761,50
1230,1.4000718151,0.2084152484,51
1247,1.3213605511,0.2097731739,52
1272,1.1974267649,0.1982838793,53
1312,1.2649905303,0.2072793062,54
1349,1.3009515218,0.2348281947,55
1381,1.2572492952,0.1978024567,56
1412,1.5791219877,0.2193481378,57
1442,1.3640171674,0.2150033936,58
1484,1.543335765,0.2459482362,59
1513,1.7294578842,0.2130409182,60
1527,1.4390761553,0.2043478391,61
1563,1.2839328793,0.1839734478,62
1577,1.2837006562,0.2082755174,63
1609,1.1769923307,0.1955677291,64
1642,0.9732618382,0.1759634366,65
1673,0.995019992,0.1815742703,66
1702,0.8466160839,0.1779959041,67
1724,0.9463346955,0.1720307984,68
1745,1.1358415891,0.1780669469,69
1771,1.1333784081,0.1856593429,70
1785,1.0678181909,0.183058677,71
1794,0.951994646,0.1540738648,72
1809,0.7499294246,0.151322616,73
1817,0.7646448224,0.1510235118,74
1825,0.8156177403,0.1629799802,75
1836,0.755291517,0.1655070858,76
1845,0.6683305959,0.1629778668,77
1847,0.7442076621,0.1675411591,78
1863,0.7455949264,0.1695262303,79
1880,0.7450155972,0.1661301086,80
1888,0.780469941,0.1752057617,81
1898,0.9857595113,0.1789857952,82
1912,0.7255814256,0.1734525642,83
1928,0.7308905502,0.1648561603,84
1940,0.7690261848,0.1725623258,85
1951,0.8252222111,0.1620815141,86
1984,0.8322375236,0.1595059034,87
2008,0.663899016,0.1533126926,88
2025,0.7792487751,0.1554060594,89
2055,0.7353117142,0.1598326681,90
2070,0.8051024307,0.1590528158,91
2076,0.7248315255,0.1530789133,92
2090,0.6712503232,0.1529176529,93
2098,0.7169731349,0.1525781484,94
2117,0.6709698813,0.1539725741,95
2123,0.6797495765,0.1560633782,96
2127,0.7755045486,0.1575946216,97
2143,0.6837791325,0.1496968819,98
2154,0.6891060937,0.1485223303,99
2172,0.6873346386,0.1575197791,100
2179,0.761818408,0.1561861692,101
2186,0.6851886246,0.1523608557,102
2196,0.9339772185,0.1595914246,103
2231,0.6158470624,0.1540372335,104
2270,0.6177341179,0.1508860078,105
2296,0.6577685038,0.1539295663,106
2325,0.6878675735,0.1523562713,107
2326,0.6988164113,0.1512087,108
2329,0.7389699869,0.1551867258,109
2329,0.6012618407,0.1494040283,110
2332,0.7027327543,0.1567538185,111
2345,0.6266570715,0.1488923538,112
2356,0.6216356744,0.1535979649,113
2361,0.7057330073,0.155762651,114
2361,0.6624361075,0.155445599,115
2376,0.713458105,0.2702384179,116
2378,1.4049518193,0.6146228509,117
2388,1.4842036613,0.8095782509,118
2398,1.508582534,0.7483084532,119
2408,1.5419122263,0.8055628312,120
2419,1.3374820022,0.8199890318,121
2425,1.1267321055,1.1098205077,122
2426,1.1556014238,0.7758422741,123
2431,1.1153635367,0.8283567584,124
2461,0.9545319892,0.8553062182,125
2492,0.9396762561,0.8995412047,126
2541,0.9860427274,0.7615574523,127
2579,0.9624065747,0.7174063749,128
2628,1.0505790208,0.6394461063,129
2659,1.1452976916,0.5996480464,130
2689,0.8432954205,0.5035291829,131
2704,0.8405346752,0.6714407134,132
2720,0.9250866267,0.6808831337,133
2729,0.8581083051,0.7279868237,134
2739,0.9447390132,0.6799164003,135
2748,0.9014907223,0.8083856744,136
2756,0.9395987426,1.0085001497,137
2767,0.8425200639,1.2458402875,138
2783,0.9706664683,1.3510127938,139
2795,0.94713929,1.0539354192,140
2803,1.0671517028,1.2783572356,141
2813,1.1906786391,1.1118988327,142
2814,1.137216305,1.2633023094,143
2826,1.1491472705,1.2167520496,144
2842,1.1908175818,1.0571627163,145
2871,1.1286605258,1.1274785899,146
2915,1.199814992,0.9609897329,147
2959,1.0018983776,0.8586029661,148
3001,0.9126982396,0.877984997,149
3052,0.8258950414,0.9927489774,150
3102,0.8627314667,0.9450266042,151
3140,0.8912904933,0.9136729579,152
3174,0.8416152392,0.83312265,153
3200,0.8764817409,0.6753731866,154
3207,0.9019264574,0.8541517688,155
3224,0.8450012005,1.0392367947,156
3255,0.8047425812,0.8292313284,157
3261,0.9456532789,1.0990196332,158
3295,1.6751990422,0.9952594034,159
3322,1.1840054563,0.9685560516,160
3344,0.929637185,0.9435834756,161
3383,1.0310269112,0.9999876408,162
3409,0.8767803514,0.9019878195,163
3450,0.7962678233,0.850529664,164
3478,0.9442177773,0.844905826,165
3514,0.8315381466,0.8658060715,166
3545,0.9159045763,0.8390518585,167
3582,0.7681245764,0.8342397847,168
3624,0.8520679049,0.8178375275,169
3659,0.8159072206,0.8096774194,170
3684,0.9032196676,0.8768085996,171
3715,0.7079459432,0.8469229616,172
3750,0.7252010777,0.8818588963,173
3763,0.7427072562,0.8136854976,174
3759,0.785917264,0.8310528674,175
3758,0.9020567362,0.903492081,176
3753,,,177
3751,,,178
3749,,,179
3749,,,180
3837,,,181
3865,,,182
3888,,,183
3939,,,184
3991,,,185
4012,,,186
4027,,,187
4045,,,188
4042,,,189
4060,,,190
4087,,,191
4098,,,192
4118,,,193
4154,,,194
4184,,,195
4220,,,196
4268,,,197
4305,,,198
4343,,,199
4389,,,200
4431,,,201
4456,,,202
4484,,,203
4523,,,204
4577,,,205
4624,,,206
4664,,,207
4711,,,208
4765,,,209
4816,,,210
4855,,,211
4886,,,212
4916,,,213
4961,,,214
4996,,,215
5020,,,216
5059,,,217
5088,,,218
5134,,,219
5166,,,220
5191,,,221
5211,,,222
5231,,,223
5248,,,224
5284,,,225
5311,,,226
5325,,,227
5355,,,228
5387,,,229
5448,,,230
5495,,,231
5533,,,232
5569,,,233
5624,,,234
5670,,,235
5700,,,236
5731,,,237
5760,,,238
5815,,,239
5850,,,240
5895,,,241
5918,,,242
5937,,,243
5981,,,244
6013,,,245
6040,,,246
6084,,,247
6127,,,248
6168,,,249
6166,,,250
6165,,,251
6161,,,252
6158,,,253
6157,,,254
6156,,,255
6155,,,256
6152,,,257
6148,,,258
6147,,,259
6146,,,260
6143,,,261
6138,,,262
6138,,,263
6138,,,264
6137,,,265
6135,,,266
6133,,,267
6132,,,268
6130,,,269
6130,,,270
6128,,,271
6125,,,272
6123,,,273
6123,,,274
6119,,,275
6118,,,276
6115,,,277
6109,,,278
6107,,,279
6107,,,280
6106,,,281
6103,,,282
6100,,,283
6100,,,284
6099,,,285
6097,,,286
6093,,,287
6093,,,288
6090,,,289
6090,,,290
6089,,,291
6089,,,292
6088,,,293
6086,,,294
6084,,,295
6084,,,296
6082,,,297
6081,,,298
6080,,,299
6080,,,300
6080,,,301
6080,,,302
6079,,,303
6078,,,304
6078,,,305
6076,,,306
6075,,,307
6074,,,308
6073,,,309
6072,,,310
6071,,,311
6069,,,312
6068,,,313
6068,,,314
6068,,,315
6067,,,316
6067,,,317
6067,,,318
6067,,,319
6067,,,320
6065,,,321
6065,,,322
6065,,,323
6063,,,324
6061,,,325
6061,,,326
6060,,,327
6059,,,328
6059,,,329
6058,,,330
6056,,,331
6055,,,332
6054,,,333
6054,,,334
6053,,,335
6053,,,336
6053,,,337
6053,,,338
6051,,,339
6051,,,340
6050,,,341
6049,,,342
6044,,,343
6043,,,344
6037,,,345
6035,,,346
6033,,,347
6028,,,348
6027,,,349
6025,,,350
6025,,,351
6023,,,352
6022,,,353
6022,,,354
6020,,,355
6017,,,356
6017,,,357
6016,,,358
6014,,,359
6014,,,360
6014,,,361
6012,,,362
6011,,,363
6009,,,364
6009,,,365
6009,,,366
6009,,,367
6008,,,368
6006,,,369
6004,,,370
6001,,,371
6001,,,372
5999,,,373
5998,,,374
5997,,,375
5994,,,376
5993,,,377
5992,,,378
5990,,,379
5990,,,380
5990,,,381
5990,,,382
5990,,,383
5987,,,384
5987,,,385
5987,,,386
5987,,,387
5986,,,388
5985,,,389
5983,,,390
5977,,,391
5975,,,392
5975,,,393
5972,,,394
5969,,,395
5969,,,396
5969,,,397
5969,,,398
5969,,,399
5967,,,400
5965,,,401
5963,,,402
5961,,,403
5957,,,404
5956,,,405
5955,,,406
5955,,,407
5955,,,408
5953,,,409
5952,,,410
5951,,,411
5949,,,412
5947,,,413
5945,,,414
5943,,,415
5942,,,416
5941,,,417
5940,,,418
5936,,,419
5935,,,420
5934,,,421
5932,,,422
5930,,,423
5930,,,424
5929,,,425
5928,,,426
5927,,,427
5926,,,428
5926,,,429
5925,,,430
5924,,,431
5924,,,432
5924,,,433
5923,,,434
5923,,,435
5923,,,436
5923,,,437
5923,,,438
5922,,,439
5922,,,440
5922,,,441
5922,,,442
5920,,,443
5918,,,444
5918,,,445
5918,,,446
5918,,,447
5918,,,448
5917,,,449
5916,,,450
5916,,,451
5914,,,452
5914,,,453
5914,,,454
5914,,,455
5912,,,456
5911,,,457
5910,,,458
5908,,,459
5907,,,460
5907,,,461
5906,,,462
5906,,,463
5906,,,464
5907,,,465
5924,,,466
5923,,,467
5935,,,468
5939,,,469
5953,,,470
5954,,,471
5961,,,472
5970,,,473
5975,,,474
5968,,,475
5970,,,476
5978,,,477
5988,,,478
5993,,,479
5994,,,480
5997,,,481
6005,,,482
6007,,,483
6016,,,484
6020,,,485
6025,,,486
6039,,,487
6042,,,488
6043,,,489
6048,,,490
6053,,,491
6053,,,492
6061,,,493
6070,,,494
6072,,,495
6076,,,496
6082,,,497
6088,,,498
6093,,,499
6095,,,500
6101,,,501
6098,,,502
6100,,,503
6102,,,504
6108,,,505
6108,,,506
6118,,,507
6118,,,508
6130,,,509
6137,,,510
6133,,,511
6133,,,512
6137,,,513
6138,,,514
6148,,,515
6153,,,516
6163,,,517
6164,,,518
6175,,,519
6176,,,520
6181,,,521
6191,,,522
6189,,,523
6188,,,524
6196,,,525
6201,,,526
6202,,,527
6203,,,528
6208,,,529
6223,,,530
6230,,,531
6236,,,532
6243,,,533
6253,,,534
6258,,,535
6263,,,536
6271,,,537
6273,,,538
6283,,,539
6286,,,540
6300,,,541
6308,,,542
6306,,,543
6312,,,544
6320,,,545
6325,,,546
6326,,,547
6327,,,548
6338,,,549
6343,,,550
6351,,,551
6352,,,552
6355,,,553
6359,,,554
6366,,,555
6368,,,556
6375,,,557
6377,,,558
6381,,,559
6386,,,560
6393,,,561
6397,,,562
6404,,,563
6415,,,564
6421,,,565
6428,,,566
6425,,,567
6427,,,568
6429,,,569
6436,,,570
6442,,,571
6447,,,572
6449,,,573
6454,,,574
6464,,,575
6474,,,576
6481,,,577
6487,,,578
6489,,,579
6498,,,580
6502,,,581
6512,,,582
6510,,,583
6518,,,584
6517,,,585
6517,,,586
6523,,,587
6530,,,588
6540,,,589
6541,,,590
6548,,,591
6549,,,592
6553,,,593
6554,,,594
6553,,,595
6544,,,596
6547,,,597
6541,,,598
6541,,,599
6542,,,600
6542,,,601
6538,,,602
6534,,,603
6532,,,604
6529,,,605
6525,,,606
6522,,,607
6518,,,608
6518,,,609
6518,,,610
6515,,,611
6515,,,612
6512,,,613
6510,,,614
6509,,,615
6506,,,616
6502,,,617
6499,,,618
6498,,,619
6497,,,620
6496,,,621
6494,,,622
6489,,,623
6485,,,624
6484,,,625
6483,,,626
6481,,,627
6479,,,628
6478,,,629
6477,,,630
6476,,,631
6474,,,632
6468,,,633
6467,,,634
6464,,,635
6464,,,636
6463,,,637
6461,,,638
6459,,,639
6458,,,640
6458,,,641
6458,,,642
6457,,,643
6455,,,644
6452,,,645
6450,,,646
6447,,,647
6444,,,648
6444,,,649
6444,,,650
6443,,,651
6438,,,652
6435,,,653
6434,,,654
6434,,,655
6432,,,656
6430,,,657
6428,,,658
6428,,,659
6427,,,660
6421,,,661
6413,,,662
6407,,,663
6402,,,664
6400,,,665
6398,,,666
6395,,,667
6395,,,668
6393,,,669
6392,,,670
6389,,,671
6387,,,672
6387,,,673
6383,,,674
6383,,,675
6382,,,676
6379,,,677
6378,,,678
6375,,,679
6373,,,680
6371,,,681
6371,,,682
6370,,,683
6368,,,684
6366,,,685
6365,,,686
6363,,,687
6362,,,688
6356,,,689
6355,,,690
6354,,,691
6353,,,692
6353,,,693
6351,,,694
6350,,,695
6349,,,696
6343,,,697
6342,,,698
6340,,,699
6339,,,700
6337,,,701
6335,,,702
6331,,,703
6328,,,704
6326,,,705
6326,,,706
6322,,,707
6319,,,708
6319,,,709
6317,,,710
6315,,,711
6313,,,712
6311,,,713
6310,,,714
6308,,,715
6307,,,716
6306,,,717
6305,,,718
6304,,,719
6303,,,720
6300,,,721
6298,,,722
6297,,,723
6293,,,724
6293,,,725
6291,,,726
6289,,,727
6286,,,728
6284,,,729
6282,,,730
6280,,,731
6278,,,732
6274,,,733
6271,,,734
6270,,,735
6268,,,736
6267,,,737
6265,,,738
6264,,,739
6263,,,740
6263,,,741
6263,,,742
6262,,,743
6261,,,744
6261,,,745
6259,,,746
6256,,,747
6256,,,748
6254,,,749
6253,,,750
6251,,,751
6251,,,752
6249,,,753
6249,,,754
6248,,,755
6248,,,756
6244,,,757
6242,,,758
6241,,,759
6237,,,760
6236,,,761
6234,,,762
6233,,,763
6233,,,764
6233,,,765
6232,,,766
6230,,,767
6229,,,768
6227,,,769
6224,,,770
6220,,,771
6219,,,772
6218,,,773
6215,,,774
6215,,,775
6215,,,776
6212,,,777
6211,,,778
6210,,,779
6209,,,780
6208,,,781
6205,,,782
6201,,,783
6201,,,784
6199,,,785
6195,,,786
6193,,,787
6190,,,788
6188,,,789
6188,,,790
6188,,,791
6188,,,792
6187,,,793
6186,,,794
6184,,,795
6179,,,796
6176,,,797
6176,,,798
6168,,,799
6166,,,800
6164,,,801
6161,,,802
6159,,,803
6154,,,804
6151,,,805
6149,,,806
6149,,,807
6148,,,808
6146,,,809
6146,,,810
6144,,,811
6141,,,812
6139,,,813
6138,,,814
6138,,,815
6137,,,816
6135,,,817
6134,,,818
6134,,,819
6134,,,820
6131,,,821
6128,,,822
6127,,,823
6125,,,824
6125,,,825
6119,,,826
6118,,,827
6118,,,828
6115,,,829
6115,,,830
6114,,,831
6113,,,832
6113,,,833
6110,,,834
6108,,,835
6107,,,836
6105,,,837
6105,,,838
6103,,,839
6100,,,840
6098,,,841
6097,,,842
6096,,,843
6093,,,844
6091,,,845
6087,,,846
6086,,,847
6086,,,848
6084,,,849
6084,,,850
6081,,,851
6080,,,852
6080,,,853
6077,,,854
6076,,,855
6072,,,856
6071,,,857
6071,,,858
6071,,,859
6068,,,860
6067,,,861
6065,,,862
6065,,,863
6064,,,864
6064,,,865
6063,,,866
6062,,,867
6061,,,868
6061,,,869
6060,,,870
6060,,,871
6060,,,872
6059,,,873
6058,,,874
6058,,,875
6057,,,876
6056,,,877
6055,,,878
6054,,,879
6054,,,880
6054,,,881
6054,,,882
6053,,,883
6053,,,884
6053,,,885
6052,,,886
6052,,,887
6052,,,888
6052,,,889
6052,,,890
6050,,,891
6048,,,892
6048,,,893
6048,,,894
6047,,,895
6047,,,896
6046,,,897
6044,,,898
6044,,,899
6043,,,900
6043,,,901
6043,,,902
6043,,,903
6043,,,904
6040,,,905
6039,,,906
6039,,,907
6038,,,908
6036,,,909
6036,,,910
6035,,,911
6032,,,912
6032,,,913
6032,,,914
6032,,,915
6032,,,916
6032,,,917
6032,,,918
6031,,,919
6031,,,920
6031,,,921
6031,,,922
6028,,,923
6027,,,924
6027,,,925
6027,,,926
6026,,,927
6025,,,928
6025,,,929
6024,,,930
6024,,,931
6023,,,932
6023,,,933
6023,,,934
6022,,,935
6022,,,936
6021,,,937
6020,,,938
6020,,,939
6020,,,940
6020,,,941
6019,,,942
6019,,,943
6019,,,944
6019,,,945
6019,,,946
6019,,,947
6019,,,948
6019,,,949
6019,,,950
6016,,,951
6016,,,952
6016,,,953
6016,,,954
6015,,,955
6014,,,956
6012,,,957
6010,,,958
6008,,,959
6007,,,960
6005,,,961
6005,,,962
6005,,,963
6005,,,964
6004,,,965
6003,,,966
6000,,,967
6000,,,968
6000,,,969
5999,,,970
5999,,,971
5999,,,972
5999,,,973
5999,,,974
5997,,,975
5997,,,976
5997,,,977
5997,,,978
5996,,,979
5996,,,980
5995,,,981
5995,,,982
5994,,,983
5992,,,984
5992,,,985
5992,,,986
5991,,,987
5989,,,988
5988,,,989
5988,,,990
5987,,,991
5987,,,992
5986,,,993
5985,,,994
5985,,,995
5985,,,996
5985,,,997
5985,,,998
5985,,,999
5982,,,1000
5982,,,1001
5982,,,1002
5982,,,1003
5982,,,1004
5982,,,1005
5980,,,1006
5980,,,1007
5980,,,1008
5979,,,1009
5978,,,1010
5977,,,1011
5976,,,1012
5976,,,1013
5976,,,1014
5975,,,1015
5975,,,1016
5975,,,1017
5975,,,1018
5975,,,1019
5975,,,1020
5975,,,1021
5974,,,1022
5973,,,1023
5973,,,1024
5973,,,1025
5973,,,1026
5973,,,1027
5973,,,1028
5972,,,1029
5972,,,1030
5972,,,1031
5972,,,1032
5972,,,1033
5972,,,1034
5972,,,1035
5972,,,1036
5972,,,1037
5972,,,1038
5971,,,1039
5971,,,1040
5971,,,1041
5971,,,1042
5969,,,1043
5969,,,1044
5969,,,1045
5968,,,1046
5967,,,1047
5967,,,1048
5968,,,1049
5968,,,1050
5968,,,1051
5968,,,1052
5968,,,1053
5968,,,1054
5968,,,1055
5967,,,1056
5967,,,1057
5965,,,1058
5965,,,1059
5965,,,1060
5965,,,1061
5965,,,1062
5963,,,1063
5963,,,1064
5963,,,1065
5963,,,1066
5963,,,1067
5962,,,1068
5962,,,1069
5962,,,1070
5962,,,1071
5963,,,1072
5962,,,1073
5960,,,1074
5960,,,1075
5959,,,1076
5957,,,1077
5956,,,1078
5956,,,1079
5956,,,1080
5956,,,1081
5956,,,1082
5956,,,1083
5956,,,1084
5956,,,1085
5956,,,1086
5955,,,1087
5954,,,1088
5954,,,1089
5954,,,1090
5953,,,1091
5953,,,1092
5955,,,1093
5955,,,1094
5955,,,1095
5955,,,1096
5955,,,1097
5955,,,1098
5955,,,1099
5955,,,1100
5953,,,1101
5952,,,1102
5952,,,1103
5952,,,1104
5953,,,1105
5953,,,1106
5951,,,1107
5951,,,1108
5951,,,1109
5951,,,1110
5952,,,1111
5951,,,1112
5950,,,1113
5949,,,1114
5949,,,1115
5949,,,1116
5949,,,1117
5949,,,1118
5948,,,1119
5948,,,1120
5948,,,1121
5948,,,1122
5947,,,1123
5946,,,1124
5946,,,1125
5946,,,1126
5946,,,1127
5946,,,1128
5946,,,1129
5947,,,1130
5947,,,1131
5946,,,1132
5944,,,1133
5944,,,1134
5943,,,1135
5942,,,1136
5942,,,1137
5942,,,1138
5942,,,1139
5942,,,1140
5943,,,1141
5943,,,1142
5943,,,1143
5943,,,1144
5942,,,1145
5942,,,1146
5942,,,1147
5942,,,1148
5942,,,1149
5942,,,1150
5942,,,1151
5942,,,1152
5942,,,1153
5942,,,1154
5942,,,1155
5942,,,1156
5941,,,1157
5941,,,1158
5941,,,1159
5941,,,1160
5941,,,1161
5941,,,1162
5941,,,1163
5941,,,1164
5941,,,1165
5941,,,1166
5941,,,1167
5941,,,1168
5937,,,1169
5937,,,1170
5937,,,1171
5938,,,1172
5938,,,1173
5938,,,1174
5938,,,1175
5939,,,1176
5939,,,1177
5938,,,1178
5938,,,1179
5938,,,1180
5938,,,1181
5938,,,1182
5938,,,1183
5938,,,1184
5938,,,1185
5938,,,1186
5938,,,1187
5938,,,1188
5938,,,1189
5936,,,1190
5936,,,1191
5936,,,1192
5936,,,1193
5936,,,1194
5936,,,1195
5936,,,1196
5936,,,1197
5935,,,1198
5935,,,1199
5935,,,1200
5934,,,1201
5934,,,1202
5934,,,1203
5934,,,1204
5934,,,1205
5934,,,1206
5934,,,1207
5934,,,1208
5934,,,1209
5934,,,1210
5934,,,1211
5933,,,1212
5933,,,1213
5933,,,1214
5933,,,1215
5933,,,1216
5933,,,1217
5933,,,1218
5933,,,1219
5933,,,1220
5931,,,1221
5931,,,1222
5931,,,1223
5931,,,1224
5931,,,1225
5931,,,1226
5931,,,1227
5931,,,1228
5931,,,1229
5930,,,1230
5929,,,1231
5929,,,1232
5929,,,1233
5929,,,1234
5929,,,1235
5928,,,1236
5928,,,1237
5928,,,1238
5928,,,1239
5928,,,1240
5928,,,1241
5928,,,1242
5928,,,1243
5928,,,1244
5928,,,1245
5928,,,1246
5928,,,1247
5928,,,1248
5928,,,1249
5928,,,1250
5928,,,1251
5927,,,1252
5927,,,1253
5927,,,1254
5927,,,1255
5927,,,1256
5927,,,1257
5927,,,1258
5927,,,1259
5927,,,1260
5927,,,1261
5927,,,1262
5927,,,1263
5927,,,1264
5927,,,1265
5926,,,1266
5926,,,1267
5926,,,1268
5926,,,1269
5926,,,1270
5926,,,1271
5926,,,1272
5926,,,1273
5926,,,1274
5926,,,1275
5926,,,1276
5926,,,1277
5926,,,1278
5926,,,1279
5926,,,1280
5925,,,1281
5925,,,1282
5925,,,1283
5924,,,1284
5924,,,1285
5924,,,1286
5924,,,1287
5924,,,1288
5925,,,1289
5925,,,1290
5925,,,1291
5925,,,1292
5924,,,1293
5924,,,1294
5924,,,1295
5925,,,1296
5925,,,1297
5925,,,1298
5926,,,1299
5925,,,1300
5926,,,1301
5926,,,1302
5927,,,1303
5928,,,1304
5928,,,1305
5928,,,1306
5928,,,1307
5928,,,1308
5928,,,1309
5930,,,1310
5930,,,1311
5931,,,1312
5931,,,1313
5931,,,1314
5931,,,1315
5932,,,1316
5932,,,1317
5931,,,1318
5931,,,1319
5931,,,1320
5931,,,1321
5931,,,1322
5930,,,1323
5930,,,1324
5930,,,1325
5930,,,1326
5930,,,1327
5929,,,1328
5929,,,1329
5929,,,1330
5929,,,1331
5927,,,1332
5927,,,1333
5926,,,1334
5925,,,1335
5925,,,1336
5925,,,1337
5925,,,1338
5925,,,1339
5926,,,1340
5926,,,1341
5926,,,1342
5926,,,1343
5926,,,1344
5926,,,1345
5927,,,1346
5926,,,1347
5926,,,1348
5925,,,1349
5925,,,1350
5926,,,1351
5927,,,1352
5927,,,1353
5926,,,1354
5926,,,1355
5926,,,1356
5926,,,1357
5926,,,1358
5927,,,1359
5927,,,1360
5927,,,1361
5928,,,1362
5928,,,1363
5929,,,1364
5929,,,1365
5928,,,1366
5928,,,1367
5929,,,1368
5929,,,1369
5928,,,1370
5929,,,1371
5929,,,1372
5929,,,1373
5929,,,1374
5929,,,1375
5929,,,1376
5929,,,1377
5929,,,1378
5929,,,1379
5929,,,1380
5929,,,1381
5928,,,1382
5928,,,1383
5928,,,1384
5927,,,1385
5927,,,1386
5926,,,1387
5926,,,1388
5926,,,1389
5926,,,1390
5926,,,1391
5926,,,1392
5926,,,1393
5926,,,1394
5926,,,1395
5926,,,1396
5926,,,1397
5926,,,1398
5926,,,1399
5926,,,1400
5926,,,1401
5926,,,1402
5926,,,1403
5926,,,1404
5926,,,1405
5926,,,1406
5925,,,1407
5924,,,1408
5924,,,1409
5924,,,1410
5924,,,1411
5924,,,1412
5923,,,1413
5920,,,1414
5920,,,1415
5920,,,1416
5920,,,1417
5920,,,1418
5920,,,1419
5920,,,1420
5920,,,1421
5919,,,1422
5918,,,1423
5918,,,1424
5918,,,1425
5918,,,1426
5917,,,1427
5916,,,1428
5916,,,1429
5916,,,1430
5915,,,1431
5915,,,1432
5915,,,1433
5915,,,1434
5915,,,1435
5915,,,1436
5915,,,1437
5915,,,1438
5915,,,1439
5915,,,1440
5915,,,1441
5915,,,1442
5915,,,1443
5915,,,1444
5914,,,1445
5914,,,1446
5914,,,1447
5913,,,1448
5913,,,1449
5913,,,1450
5913,,,1451
5913,,,1452
5913,,,1453
5913,,,1454
5913,,,1455
5913,,,1456
5912,,,1457
5911,,,1458
5909,,,1459
5909,,,1460
5909,,,1461
5909,,,1462
5909,,,1463
5909,,,1464
5909,,,1465
5909,,,1466
5909,,,1467
5909,,,1468
5909,,,1469
5909,,,1470
5909,,,1471
5909,,,1472
5909,,,1473
5909,,,1474
5909,,,1475
5907,,,1476
5907,,,1477
5907,,,1478
5907,,,1479
5907,,,1480
5907,,,1481
5907,,,1482
5907,,,1483
5907,,,1484
5907,,,1485
5907,,,1486
5907,,,1487
5907,,,1488
5907,,,1489
5907,,,1490
5907,,,1491
5905,,,1492
5905,,,1493
5905,,,1494
5905,,,1495
5905,,,1496
5905,,,1497
5904,,,1498
5904,,,1499
5904,,,1500
5904,,,1501
5904,,,1502
5903,,,1503
5903,,,1504
5903,,,1505
5903,,,1506
5903,,,1507
5903,,,1508
5903,,,1509
5902,,,1510
5902,,,1511
5901,,,1512
5900,,,1513
5900,,,1514
5900,,,1515
5900,,,1516
5900,,,1517
5900,,,1518
5900,,,1519
5900,,,1520
5900,,,1521
5900,,,1522
5900,,,1523
5900,,,1524
5900,,,1525
5900,,,1526
5900,,,1527
5900,,,1528
5900,,,1529
5900,,,1530
5900,,,1531
5898,,,1532
5898,,,1533
5898,,,1534
5898,,,1535
5898,,,1536
5898,,,1537
5898,,,1538
5898,,,1539
5898,,,1540
5898,,,1541
5898,,,1542
5898,,,1543
5898,,,1544
5898,,,1545
5897,,,1546
5897,,,1547
5897,,,1548
5897,,,1549
5897,,,1550
5897,,,1551
5897,,,1552
5897,,,1553
5897,,,1554
5897,,,1555
5897,,,1556
5897,,,1557
5897,,,1558
5897,,,1559
5897,,,1560
5897,,,1561
5897,,,1562
5897,,,1563
5897,,,1564
5897,,,1565
5897,,,1566
5897,,,1567
5897,,,1568
5897,,,1569
5897,,,1570
5897,,,1571
5897,,,1572
5897,,,1573
5897,,,1574
5897,,,1575
5897,,,1576
5897,,,1577
5897,,,1578
5897,,,1579
5897,,,1580
5897,,,1581
5897,,,1582
5897,,,1583
5897,,,1584
5896,,,1585
5896,,,1586
5896,,,1587
5896,,,1588
5896,,,1589
5896,,,1590
5896,,,1591
5896,,,1592
5896,,,1593
5896,,,1594
5896,,,1595
5896,,,1596
5896,,,1597
5896,,,1598
5896,,,1599
5896,,,1600
5896,,,1601
5896,,,1602
5896,,,1603
5896,,,1604
5896,,,1605
5896,,,1606
5896,,,1607
5896,,,1608
5896,,,1609
5896,,,1610
5895,,,1611
5895,,,1612
5895,,,1613
5895,,,1614
5895,,,1615
5895,,,1616
5894,,,1617
5894,,,1618
5894,,,1619
5894,,,1620
5894,,,1621
5894,,,1622
5894,,,1623
5894,,,1624
5894,,,1625
5894,,,1626
5894,,,1627
5894,,,1628
5894,,,1629
5894,,,1630
5894,,,1631
5894,,,1632
5894,,,1633
5894,,,1634
5894,,,1635
5894,,,1636
5893,,,1637
5893,,,1638
5893,,,1639
5893,,,1640
5893,,,1641
5893,,,1642
5893,,,1643
5893,,,1644
5891,,,1645
5891,,,1646
5890,,,1647
5890,,,1648
5890,,,1649
5890,,,1650
5890,,,1651
5890,,,1652
5890,,,1653
5890,,,1654
5890,,,1655
5890,,,1656
5890,,,1657
5890,,,1658
5890,,,1659
5890,,,1660
5890,,,1661
5890,,,1662
5890,,,1663
5890,,,1664
5890,,,1665
5890,,,1666
5890,,,1667
5890,,,1668
5890,,,1669
5888,,,1670
5888,,,1671
5888,,,1672
5888,,,1673
5888,,,1674
5888,,,1675
5888,,,1676
5888,,,1677
5888,,,1678
5888,,,1679
5888,,,1680
5888,,,1681
5888,,,1682
5887,,,1683
5887,,,1684
5887,,,1685
5887,,,1686
5886,,,1687
5886,,,1688
5886,,,1689
5886,,,1690
5886,,,1691
5886,,,1692
5886,,,1693
5886,,,1694
5886,,,1695
5886,,,1696
5886,,,1697
5886,,,1698
5886,,,1699
5886,,,1700
5886,,,1701
5886,,,1702
5885,,,1703
5885,,,1704
5885,,,1705
5885,,,1706
5885,,,1707
5885,,,1708
5885,,,1709
5883,,,1710
5883,,,1711
5883,,,1712
5883,,,1713
5883,,,1714
5882,,,1715
5882,,,1716
5882,,,1717
5882,,,1718
5882,,,1719
5882,,,1720
5882,,,1721
5882,,,1722
5882,,,1723
5882,,,1724
5881,,,1725
5881,,,1726
5881,,,1727
5881,,,1728
5881,,,1729
5881,,,1730
5881,,,1731
5881,,,1732
5881,,,1733
5880,,,1734
5880,,,1735
5880,,,1736
5880,,,1737
5880,,,1738
5880,,,1739
5880,,,1740
5880,,,1741
5880,,,1742
5880,,,1743
5880,,,1744
5880,,,1745
5880,,,1746
5880,,,1747
5880,,,1748
5880,,,1749
5880,,,1750
5880,,,1751
5880,,,1752
5880,,,1753
5879,,,1754
5879,,,1755
5879,,,1756
5879,,,1757
5879,,,1758
5879,,,1759
5879,,,1760
5879,,,1761
5879,,,1762
5879,,,1763
5879,,,1764
5879,,,1765
5879,,,1766
5879,,,1767
5879,,,1768
5879,,,1769
5879,,,1770
