time,addresses
1585853408,216409
1585953775,180715
1585962186,95001
1585963166,18665
1585964199,143524
1585966224,17819
1585967258,196571
1585972491,170222
1585973643,200082
1586030134,201333
1586044381,190900
1586056350,190600
1586073855,206425
1586104624,204313
1586121483,186413
1586131431,187437
1586155010,203012
1586177320,204762
1586188890,60365
1586189887,202274
1586204214,147500
1586208849,201200
1586222024,201482
1586233074,201919
1586246402,201337
1586260801,203828
1586275202,202241
1586288569,204582
1586297783,28863
1586298821,113158
1586301713,204177
1586310874,202558
1586320458,199014
1586351760,204001
1586361602,200826
1586368643,205198
1586379440,203370
1586389796,199591
1586399665,195638
1586408270,191217
1586416485,193936
1586424832,193798
1586432961,193152
1586441183,192365
1586449401,185581
1586457662,190725
1586466115,191346
1586474420,188682
1586483177,181069
1586491169,180729
1586498905,181023
1586506268,179415
1586514216,181372
1586521651,177818
1586529177,178405
1586539343,180471
1586552373,174139
1586559795,175836
1586567252,174315
1586574344,175125
1586581753,174256
1586589137,173955
1586596691,171498
1586605638,175382
1586613026,172691
1586620352,173811
1586627625,169665
1586636959,171175
1586644617,168661
1586653641,171832
1586663608,161729
1586676254,165742
1586714764,208550
1586731736,201096
1586742843,207960
1586754626,189239
1586757742,204463
1586768406,178599
1586785906,199148
1586799158,198003
1586809599,204244
1586821486,200543
1586837125,198274
1586850712,197397
1586861007,195846
1586869181,202347
1586878443,199809
1586887341,197633
1586897320,196445
1586908298,200704
1586918594,204118
1586927495,200624
1586937854,198188
1586947514,199180
1586957866,202130
1586966865,198186
1586975386,199939
1586984245,199339
1586992796,199701
1587002960,199017
1587012519,198755
1587021149,198491
1587030425,198623
1587039816,195072
1587048380,199793
1587057290,195459
1587066295,192819
1587074656,193044
1587081485,193943
1587087061,200939
1587091973,199661
1587125478,201625
1587159154,200780
1587193084,199666
1587227575,196548
1587263988,198908
1587299765,201116
1587340049,209707
1587364632,210242
1587399633,210327
1587409287,208717
1587445034,204644
1587480559,205806
1587515557,207330
1587552185,208742
1587592999,209855
1587628292,207263
1587662835,213937
1587699602,206282
1587736506,208752
1587772696,210392
1587809090,206640
1587849899,205121
1587887006,208244
1587926546,206949
1587963185,208319
1587999940,210501
1588037192,211454
1588073425,211847
1588114997,208902
1588159592,208781
1588207945,211502
1588257681,210872
1588306684,212215
1588357369,208262
1588406392,216793
1588454808,210405
1588503745,207280
1588549892,152138
1589487728,210466
1589522724,235297
1589557293,215399
1589592472,213090
1589627905,215826
1589665099,216073
1589700968,210875
1589737436,209608
1589772847,211819
1589808782,212791
1589844794,214119
1589882275,212412
1589918898,212121
1589953287,215070
1589988102,211827
1590021831,210954
1590058611,210134
1590093815,214999
1590131151,213733
1590167745,212743
1590204591,215671
1590241937,212401
1590278781,210970
1590871077,210123
1590906217,211794
1590942063,206635
1590977585,206087
1591012662,204982
1591047336,206745
1591082268,207833
1591116910,209450
1591152473,207031
1591187757,209527
1591223152,207792
1591258528,206808
1591293676,206258
1591329660,208426
1591365915,206139
1591401560,208225
1591494195,209269
1591529654,208733
1591564302,211401
1591599005,204664
1591633298,204053
1591667367,211067
1591702545,205297
1591738054,212622
1591773663,209254
1591808655,206248
1591843335,210581
1591878466,207319
1591912742,203776
1591947725,206048
1591982941,208014
1592017817,207456
1592053543,207454
1592087769,207734
1592122492,204724
1592157135,206480
1592192014,208912
1592228690,202747
1592262434,203837
1592297037,203391
1592331802,201931
1592365392,206414
1592399986,204256
1592433970,203516
1592468955,204475
1592503300,206340
1592536467,211273
1592570917,205294
1592605882,207953
1592640040,205207
1592673963,204356
1592708920,208442
1592743478,203632
1592777873,203855
1592812029,195374
